"","mem","trans","desc","date_diff","date_var","amt","cat","discret","sub","pred"
"1000524411246510.1","1000524411246510","100052441900534049","pospurchaseposdollartreewilmingtonde","1.5",1.72,0,"General Merchandise",TRUE,FALSE,"Invalid"
"1000524411246510.2","1000524411246510","100052441947291559","pospurchaseposkohlswilmingtonde","0.86",0,0,"Clothing/Shoes",TRUE,FALSE,"Invalid"
"1000524411246510.3","1000524411246510","100052441879801041","pospurchaseposshopritewilmistantonde","0.7",0.34,0,"Groceries",TRUE,FALSE,"Invalid"
"1000524411246510.4","1000524411246510","100052441877233489","pospurchaseposwawamarshalltonde","0.73",0.71,0,"Groceries",TRUE,FALSE,"Invalid"
"1000524411246510.5","1000524411246510","100052441894921748","pospurchasepospremierwinewilmingtonde","2.21",2.95,0,"Groceries",TRUE,FALSE,"Invalid"
"1000524411246510.6","1000524411246510","100052441844323194","debitcardpurchasecityofnewarkpkngnewarkde","2",2,0,"Other Expenses",TRUE,FALSE,"Invalid"
"1000524411246510.7","1000524411246510","100052441836947908","debitcardpurchaseaplitunescombillca","9.43",0,0,"Other Expenses",TRUE,FALSE,"Invalid"
"1000524411246510.8","1000524411246510","100052441877233485","achcreditstateofdelawardirdep","1.94",0.02,0,"Other Income",FALSE,FALSE,"Valid"
"1000524411246510.9","1000524411246510","100052441836948210","atmwithdrawalpncpankirkwoodhwywilmingtonde","4",0,0,"ATM/Cash Withdrawals",TRUE,FALSE,"Invalid"
"1000524411246510.10","1000524411246510","100052441900534035","debitcardpurchasejamesstreettavernwilmingtonde","4.15",19.79,0,"Other Expenses",TRUE,FALSE,"Invalid"
"1000524411246510.11","1000524411246510","100052442023625076","debitcardpurchasehibachisteakhousennewarkde","0",0,0,"Restaurants/Dining",TRUE,FALSE,"Invalid"
"1000524411246510.12","1000524411246510","100052441900534046","debitcardpurchasemilburnorchardselktonmd","0",0,0,"Groceries",TRUE,FALSE,"Invalid"
"1000524411246510.13","1000524411246510","100052441896337787","debitcardpurchasemoesswgrillwilmingtonde","8.15",0,0,"Restaurants/Dining",TRUE,FALSE,"Invalid"
"1000524411246510.14","1000524411246510","100052441994168644","pospurchasepospetcowilmingtonde","1.29",1.01,0,"Pets/Pet Care",TRUE,FALSE,"Invalid"
"1000524411246510.15","1000524411246510","100052441877233491","onlinetransferto","0.69",0.37,0,"Transfers",FALSE,FALSE,"Invalid"
"1000524411246510.16","1000524411246510","100052442006613751","pospurchaseposwalgreenswilmingtonde","2.43",0,0,"Healthcare/Medical",TRUE,FALSE,"Invalid"
"1000564012245885.1","1000564012245885","100056405756547036","littlecaesarsleingtonky","3",16.33,0,"Restaurants/Dining",TRUE,FALSE,"Invalid"
"1000564012245885.2","1000564012245885","100056405756547025","shelloilleingtonky","0.62",1.46,0,"Gasoline/Fuel",TRUE,FALSE,"Invalid"
"1000564012245885.3","1000564012245885","100056405756547026","shellservicesleingtonky","1.37",2.04,0,"Gasoline/Fuel",TRUE,FALSE,"Invalid"
"1000564012245885.4","1000564012245885","100056405763804995","amazonmktplaceamzncombillwa","1.06",1.5,0,"General Merchandise",TRUE,FALSE,"Invalid"
"1000564012245885.5","1000564012245885","100056405763804992","eperiancrca","4.43",0.04,0,"Online Services",TRUE,FALSE,"Invalid"
"1000564012245885.6","1000564012245885","100056405769484212","timewarnerswohonlinepmtpos","4.47",0.59,0,"Cable/Satellite Services",FALSE,FALSE,"Invalid"
"1000564012245885.7","1000564012245885","100056405776913094","amazonserviceswa","1.43",1.84,0,"Online Services",TRUE,FALSE,"Invalid"
"1000564012245885.8","1000564012245885","100056405795043415","cvsbeavercreekoh","1.98",1.86,0,"Healthcare/Medical",TRUE,FALSE,"Invalid"
"1000564012245885.9","1000564012245885","100056405817851704","aafeswrightpatteroh","1.09",1.01,0,"General Merchandise",TRUE,FALSE,"Invalid"
"1000564012245885.10","1000564012245885","100056405817851707","vzwirelessvevzwwebpay","4.34",0.29,0,"Telephone Services",FALSE,FALSE,"Invalid"
"1000564012245885.11","1000564012245885","100056405825111874","wendysleingtonky","2.54",9,0,"Restaurants/Dining",TRUE,FALSE,"Invalid"
"1000564012245885.12","1000564012245885","100056405830316207","aafesarmyachpymt","5.14",8.61,0,"General Merchandise",TRUE,FALSE,"Invalid"
"1000564012245885.13","1000564012245885","100056405836220796","bestbuypayment","4.38",0.51,0,"Electronics",TRUE,FALSE,"Invalid"
"1000564012245885.14","1000564012245885","100056405856853566","giantfairbornoh","1.18",0.21,0,"Automotive Expenses",FALSE,FALSE,"Invalid"
"1000564012245885.15","1000564012245885","100056405856853564","lowesfairbornoh","1.94",1.6,0,"Home Improvement",TRUE,FALSE,"Invalid"
"1000564012245885.16","1000564012245885","100056405859243695","tmobilehandsetwa","13.01",0,0,"Telephone Services",FALSE,FALSE,"Invalid"
"1000564012245885.17","1000564012245885","100056405896008202","directvpayment","4.5",0.26,0,"Cable/Satellite Services",FALSE,FALSE,"Invalid"
"1000564012245885.18","1000564012245885","100056405927408375","victoriassecretonlinepmtpos","13.29",0,0,"Clothing/Shoes",TRUE,FALSE,"Invalid"
"1000564012245885.19","1000564012245885","100056405953468466","kohlsonlinepmtpos","3",0,0,"Clothing/Shoes",TRUE,FALSE,"Invalid"
"1000564012245885.20","1000564012245885","100056405747493035","usaaloanpmtto","4.36",0.12,0,"Loans",FALSE,FALSE,"Valid"
"1000564012245885.21","1000564012245885","100056405756547028","papajohnsky","4.36",3.67,0,"Restaurants/Dining",TRUE,FALSE,"Invalid"
"1000564012245885.22","1000564012245885","100056405756547027","speedwayleleingtonky","0.95",1.19,0,"Gasoline/Fuel",TRUE,FALSE,"Invalid"
"1000564012245885.23","1000564012245885","100056405747493034","usaapcautopay","4.36",0.12,0,"Insurance",FALSE,FALSE,"Valid"
"1000564012245885.24","1000564012245885","100056405763804999","chaseepay","5.62",8.35,0,"Credit Card Payments",FALSE,FALSE,"Invalid"
"1000564012245885.25","1000564012245885","100056405763804998","wrightpattersonwrightpatteroh","1.69",0.51,0,"Groceries",TRUE,FALSE,"Invalid"
"1000564012245885.26","1000564012245885","100056405769484207","wrightpatsycamorwrightpatteroh","1.32",1.03,0,"Groceries",TRUE,FALSE,"Invalid"
"1000564012245885.27","1000564012245885","100056405771553133","","11.01",0,0,"Automotive Expenses",FALSE,FALSE,"Invalid"
"1000564012245885.28","1000564012245885","100056405769484211","healthnetfedca","5.86",1.5,0,"Healthcare/Medical",TRUE,FALSE,"Invalid"
"1000564012245885.29","1000564012245885","100056405769484202","papajohnsoh","3.64",3.17,0,"Restaurants/Dining",TRUE,FALSE,"Invalid"
"1000564012245885.30","1000564012245885","100056405788551553","giantdaytonoh","1.41",1.99,0,"Gasoline/Fuel",TRUE,FALSE,"Invalid"
"1000564012245885.31","1000564012245885","100056405795043411","wriafartscrwpafboh","2.86",0,0,"Hobbies",TRUE,FALSE,"Invalid"
"1000564012245885.32","1000564012245885","100056405795043423","check","0.55",0.28,0,"Checks",FALSE,FALSE,"Invalid"
"1000564012245885.33","1000564012245885","100056405810390222","payroll","1.46",0.87,0,"Paychecks/Salary",FALSE,FALSE,"Valid"
"1000564012245885.34","1000564012245885","100056405804517142","usaafundstransfercr","0.95",0.48,0,"Transfers",FALSE,FALSE,"Invalid"
"1000564012245885.35","1000564012245885","100056405802135760","usaafundstransferdb","0.77",0.46,0,"Transfers",FALSE,FALSE,"Invalid"
"1000564012245885.36","1000564012245885","100056405811118626","krogerfairbornoh","2.8",4.55,0,"Groceries",TRUE,FALSE,"Invalid"
"1000564012245885.37","1000564012245885","100056405825111889","lglefayurbgovky","7",18.04,0,"Uncategorized",FALSE,FALSE,"Invalid"
"1000564012245885.38","1000564012245885","100056405825111892","kentuckyutilitiwebpymts","3.57",0.75,0,"Utilities",FALSE,FALSE,"Invalid"
"1000564012245885.39","1000564012245885","100056405825111872","tobaccohutleingtonky","0.92",0.7,0,"Groceries",TRUE,FALSE,"Invalid"
"1000564012245885.40","1000564012245885","100056405817851705","bobevansrestfairbornoh","1.5",0.5,0,"Restaurants/Dining",TRUE,FALSE,"Invalid"
"1000564012245885.41","1000564012245885","100056405825111873","marathonpetrofairbornoh","0",0,0,"Gasoline/Fuel",TRUE,FALSE,"Invalid"
"1000564012245885.42","1000564012245885","100056405817851703","speedwayfairbornoh","2.5",0.26,0,"Gasoline/Fuel",TRUE,FALSE,"Invalid"
"1000564012245885.43","1000564012245885","100056405825111890","wscwindstreamar","3.5",1,0,"Telephone Services",FALSE,FALSE,"Invalid"
"1000564012245885.44","1000564012245885","100056405830316206","ohioedisonfeecheck","4.72",1.01,0,"Utilities",FALSE,FALSE,"Invalid"
"1000564012245885.45","1000564012245885","100056405836220789","areaabldgwpafboh","1.02",0.87,0,"Uncategorized",FALSE,FALSE,"Invalid"
"1000564012245885.46","1000564012245885","100056405839052389","atmsurchargerebatesr","3.25",1.53,0,"ATM/Cash Withdrawals",TRUE,FALSE,"Invalid"
"1000564012245885.47","1000564012245885","100056405839052390","interestpaidgt","2.12",0.21,0,"Interest",FALSE,FALSE,"Invalid"
"1000564012245885.48","1000564012245885","100056405859243692","krogerleingtonky","3.64",6.97,0,"Groceries",TRUE,FALSE,"Invalid"
"1000564012245885.49","1000564012245885","100056405802135756","dfasclevelandfedsalary","0.93",1.04,0,"Paychecks/Salary",FALSE,FALSE,"Valid"
"1000564012245885.50","1000564012245885","100056405878465208","teasroadhousefairbornoh","5.72",2.63,0,"Restaurants/Dining",TRUE,FALSE,"Invalid"
"1000564012245885.51","1000564012245885","100056405890954190","elderbeermanbeavercreekoh","1.43",0,0,"Clothing/Shoes",TRUE,FALSE,"Invalid"
"1000564012245885.52","1000564012245885","100056405890954186","elderbeefairfiebeavercreekoh","0",0,0,"Uncategorized",FALSE,FALSE,"Invalid"
"1000564012245885.53","1000564012245885","100056405896007741","dfasclevelandretnet","4.34",0.05,0,"Retirement Income",FALSE,FALSE,"Valid"
"1000564012245885.54","1000564012245885","100056405896007749","usdeptofedonlinepmtpos","4.38",0.43,0,"Deposits",FALSE,FALSE,"Invalid"
"1000564012245885.55","1000564012245885","100056405913925592","buckeyediscounbeavercreekoh","1.64",0.61,0,"Clothing/Shoes",TRUE,FALSE,"Invalid"
"1000564012245885.56","1000564012245885","100056405913719436","patchenpubleingtonky","3.86",0,0,"Restaurants/Dining",TRUE,FALSE,"Invalid"
"1000564012245885.57","1000564012245885","100056405918629522","wpafbbaserestwpafboh","1.72",0.54,0,"Restaurants/Dining",TRUE,FALSE,"Invalid"
"1000564012245885.58","1000564012245885","100056405927408371","ruralkingeniaoh","1.14",0,0,"Home Maintenance",TRUE,FALSE,"Invalid"
"1000564012245885.59","1000564012245885","100056405927408378","barclaycarduscreditcard","5",23.55,0,"Credit Card Payments",FALSE,FALSE,"Invalid"
"1000564012245885.60","1000564012245885","100056405972493225","sirpizzarichmleingtonky","4.22",26.58,0,"Restaurants/Dining",TRUE,FALSE,"Invalid"
"1000564012245885.61","1000564012245885","100056405966589961","usaacompaymntcreditcrd","3.95",11.29,0,"Credit Card Payments",FALSE,FALSE,"Invalid"
"1000564012245885.62","1000564012245885","100056406010273091","cnsriteaidcoarlingtonva","0.14",0,0,"Healthcare/Medical",TRUE,FALSE,"Invalid"
"1000564012245885.63","1000564012245885","100056406034096933","capitaloneonlinepmt","3.05",7.3,0,"Credit Card Payments",FALSE,FALSE,"Invalid"
"1000564012245885.64","1000564012245885","100056406035550960","speedwayleingtonky","1.43",0,0,"Gasoline/Fuel",TRUE,FALSE,"Invalid"
"1000564012245885.65","1000564012245885","100056406035550964","walmartleingtonky","1.04",3.92,0,"General Merchandise",TRUE,FALSE,"Invalid"
"1000564012245885.66","1000564012245885","100056406043671520","orccservicefenj","7.86",0,0,"Uncategorized",FALSE,FALSE,"Invalid"
"1000564012245885.67","1000564012245885","100056406043671524","americanwaterva","7.86",0,0,"Utilities",FALSE,FALSE,"Invalid"
"1000564012245885.68","1000564012245885","100056406077094486","redbodvdrenil","4.57",0,0,"Entertainment",TRUE,FALSE,"Invalid"
"1000564012245885.69","1000564012245885","100056406092481976","panerabreadbeavercreekoh","8.14",0,0,"Restaurants/Dining",TRUE,FALSE,"Invalid"
"1000564012245885.70","1000564012245885","100056406110489498","bobevansrestbeavercreekoh","0",0,0,"Restaurants/Dining",TRUE,FALSE,"Invalid"
"1000564012245885.71","1000564012245885","100056406110489951","redrobinnobeavercreekoh","7",0,0,"Restaurants/Dining",TRUE,FALSE,"Invalid"
"1000564012245885.72","1000564012245885","100056406144063897","targettbeavercreekoh","1.21",0.09,0,"General Merchandise",TRUE,FALSE,"Invalid"
"1000564012245885.73","1000564012245885","100056406157298165","progdirectinsinspremimot","4",0,0,"Insurance",FALSE,FALSE,"Invalid"
"1000564012245885.74","1000564012245885","100056406164986528","usbankusbanleingtonky","1.79",2.95,0,"Uncategorized",FALSE,FALSE,"Invalid"
"1000564012245885.75","1000564012245885","100056406184878236","qdobameicangleingtonky","2",8,0,"Restaurants/Dining",TRUE,FALSE,"Invalid"
"1000564012245885.76","1000564012245885","100056406184878244","sonicdriveinleingtonky","0",0,0,"Restaurants/Dining",TRUE,FALSE,"Invalid"
"1000564012245885.77","1000564012245885","100056406187847226","paypalfoamnca","0",0,0,"Other Expenses",TRUE,FALSE,"Invalid"
"1000564012245885.78","1000564012245885","100056406254456456","kmartspringborooh","2",0,0,"General Merchandise",TRUE,FALSE,"Invalid"
"1000564012245885.79","1000564012245885","100056406254456452","krogerspringborooh","2.29",0,0,"Groceries",TRUE,FALSE,"Invalid"
"1000564012245885.80","1000564012245885","100056406271788303","realiantpropertach","3.86",0,0,"Transfers",FALSE,FALSE,"Invalid"
"1000564012245885.81","1000564012245885","100056406318082848","franklinbpfranklinoh","0.54",0.41,0,"Uncategorized",FALSE,FALSE,"Invalid"
"1000564012245885.82","1000564012245885","100056406318083253","aroadbuildingwpafboh","0.57",0,0,"Home Improvement",TRUE,FALSE,"Invalid"
"1000564012245885.83","1000564012245885","100056406318083256","themenswearhobeavercreekoh","0.36",0.09,0,"Clothing/Shoes",TRUE,FALSE,"Invalid"
"1000564012245885.84","1000564012245885","100056406332704734","lowesmiddletownoh","0.79",1.23,0,"Home Improvement",TRUE,FALSE,"Invalid"
"1000564012245885.85","1000564012245885","100056406354432642","hunterigaeprfranklinoh","0",0,0,"Uncategorized",FALSE,FALSE,"Invalid"
"1000564012245885.86","1000564012245885","100056406368021274","menardsmiamimiamisburgoh","0",0,0,"Home Improvement",TRUE,FALSE,"Invalid"
"1000564012245885.87","1000564012245885","100056406435404253","sunrisealachuafl","0",0,0,"Uncategorized",FALSE,FALSE,"Invalid"
"1000564012603379.1","1000564012603379","100056405813678006","southerncalgasonlinepmtpos","4.29",0,0,"Utilities",FALSE,FALSE,"Invalid"
"1000564012603379.2","1000564012603379","100056405746185121","usaafundstransfercr","2.95",2.38,0,"Transfers",FALSE,FALSE,"Invalid"
"1000564012603379.3","1000564012603379","100056405750098275","usaafundstransferdb","2.95",2.38,0,"Transfers",FALSE,FALSE,"Invalid"
"1000564012603379.4","1000564012603379","100056405746185123","usaacompaymntcreditcrd","0.4",0.16,0,"Credit Card Payments",FALSE,FALSE,"Invalid"
"1000564012603379.5","1000564012603379","100056405764458807","","1.95",1.2,0,"Deposits",FALSE,FALSE,"Invalid"
"1000564012603379.6","1000564012603379","100056405770174931","payroll","1.98",0,0,"Paychecks/Salary",FALSE,FALSE,"Valid"
"1000564012603379.7","1000564012603379","100056405798839473","check","1.52",1.77,0,"Checks",FALSE,FALSE,"Invalid"
"1000564012603379.8","1000564012603379","100056405813678005","aliciapkwylagunahillsca","1.57",0,0,"Uncategorized",FALSE,FALSE,"Invalid"
"1000564012603379.9","1000564012603379","100056405878314349","scaedisononlinepmtpos","4.29",0.04,0,"Credit Card Payments",FALSE,FALSE,"Invalid"
"1000564012603379.10","1000564012603379","100056405889521881","sunwestmortgagmortgage","8.15",0,0,"Mortgages",FALSE,FALSE,"Invalid"
"1000564012603379.11","1000564012603379","100056405899842327","moultonniguelonlinepmtpos","5.15",0,0,"Credit Card Payments",FALSE,FALSE,"Invalid"
"1000564012603379.12","1000564012603379","100056405800819605","interestpaidgt","2.23",0.55,0,"Interest",FALSE,FALSE,"Invalid"
"1000564012603379.13","1000564012603379","100056405800819604","atmsurchargerebatesr","4.14",0,0,"ATM/Cash Withdrawals",TRUE,FALSE,"Invalid"
"1000564014717730.1","1000564014717730","100056405831653093","atmsurchargerebatesr","2.81",5.93,0,"ATM/Cash Withdrawals",TRUE,FALSE,"Invalid"
"1000564014717730.2","1000564014717730","100056405752467062","usaapcautopay","4.43",0.17,0,"Automotive Expenses",FALSE,FALSE,"Invalid"
"1000564014717730.3","1000564014717730","100056405766080303","supersudstallahasseefl","3.24",23.9,0,"Automotive Expenses",FALSE,FALSE,"Invalid"
"1000564014717730.4","1000564014717730","100056405968730103","comcastoftallcomcastfl","5.15",0,0,"Cable/Satellite Services",FALSE,FALSE,"Invalid"
"1000564014717730.5","1000564014717730","100056405766080306","check","1.32",0.99,0,"Checks",FALSE,FALSE,"Invalid"
"1000564014717730.6","1000564014717730","100056406082301025","epresslanetallahasseefl","0.14",0,0,"Clothing/Shoes",TRUE,FALSE,"Invalid"
"1000564014717730.7","1000564014717730","100056405831653092","usaacompaymntcreditcrd","1.57",1.27,0,"Credit Card Payments",FALSE,FALSE,"Invalid"
"1000564014717730.8","1000564014717730","100056405831653086","depteducationstudentln","4.43",0.17,0,"Deposits",FALSE,FALSE,"Invalid"
"1000564014717730.9","1000564014717730","100056405913474269","riversidetechnodirectdephj","2",0,0,"Deposits",FALSE,FALSE,"Invalid"
"1000564014717730.10","1000564014717730","100056405869760413","netflicomnetflicomca","4.36",0.01,0,"Entertainment",TRUE,TRUE,"Valid"
"1000564014717730.11","1000564014717730","100056405752467052","costcogastallahasseefl","2.86",5.76,0,"Gasoline/Fuel",TRUE,FALSE,"Invalid"
"1000564014717730.12","1000564014717730","100056405770917820","sunocotallahasseefl","1.6",2.49,0,"Gasoline/Fuel",TRUE,FALSE,"Invalid"
"1000564014717730.13","1000564014717730","100056405927432672","costcowhsetallahasseefl","1.64",7.1,0,"General Merchandise",TRUE,FALSE,"Invalid"
"1000564014717730.14","1000564014717730","100056405758840233","amazoncomamzncombillwa","1.61",4.45,0,"General Merchandise",TRUE,FALSE,"Invalid"
"1000564014717730.15","1000564014717730","100056405752466642","targetttallahasseefl","3.43",16.17,0,"General Merchandise",TRUE,FALSE,"Invalid"
"1000564014717730.16","1000564014717730","100056405859583248","wmsupercwalmartsuptallahasseefl","6.01",0,0,"General Merchandise",TRUE,FALSE,"Invalid"
"1000564014717730.17","1000564014717730","100056405927432660","bassproshopstallahasseefl","5.01",0,0,"General Merchandise",TRUE,FALSE,"Invalid"
"1000564014717730.18","1000564014717730","100056405948797584","amazonmktplaceamzncombillwa","3",0.17,0,"General Merchandise",TRUE,FALSE,"Invalid"
"1000564014717730.19","1000564014717730","100056405927432669","bjsepresstallahasseefl","6.01",0,0,"General Merchandise",TRUE,FALSE,"Invalid"
"1000564014717730.20","1000564014717730","100056405766080305","publisupermatallahasseefl","0.63",0.35,0,"Groceries",TRUE,FALSE,"Invalid"
"1000564014717730.21","1000564014717730","100056405821677953","larrysgiantsutallahasseefl","5",21.63,0,"Groceries",TRUE,FALSE,"Invalid"
"1000564014717730.22","1000564014717730","100056405847366048","laketalquinliquorstallahasseefl","2.86",8.13,0,"Groceries",TRUE,FALSE,"Invalid"
"1000564014717730.23","1000564014717730","100056405777059532","walgreenstallahasseefl","1.94",2.05,0,"Healthcare/Medical",TRUE,FALSE,"Invalid"
"1000564014717730.24","1000564014717730","100056406042234509","goldsgymfl","0.14",0,0,"Healthcare/Medical",TRUE,FALSE,"Invalid"
"1000564014717730.25","1000564014717730","100056406093446083","cvstallahasseefl","1.71",0,0,"Healthcare/Medical",TRUE,FALSE,"Invalid"
"1000564014717730.26","1000564014717730","100056405752466643","seminolegolfctallahasseefl","1.55",1.97,0,"Hobbies",TRUE,FALSE,"Invalid"
"1000564014717730.27","1000564014717730","100056405790183135","cancunsportsbtallahasseefl","0.29",0,0,"Hobbies",TRUE,FALSE,"Invalid"
"1000564014717730.28","1000564014717730","100056405869760402","atlantabotanicatlantaga","4.71",0,0,"Home Improvement",TRUE,FALSE,"Invalid"
"1000564014717730.29","1000564014717730","100056405831653094","interestpaidgt","2.09",0.02,0,"Interest",FALSE,FALSE,"Valid"
"1000564014717730.30","1000564014717730","100056405873654724","littlepassportca","4.57",0,0,"Other Expenses",TRUE,FALSE,"Invalid"
"1000564014717730.31","1000564014717730","100056405810829998","twodevilstallahasseefl","1.43",0.68,0,"Travel",TRUE,FALSE,"Invalid"
"1000564014717730.32","1000564014717730","100056405821677396","doitreasfedsal","0.91",1.17,0,"Other Income",FALSE,FALSE,"Valid"
"1000564014717730.33","1000564014717730","100056405770917819","panerabreadtallahasseefl","0",0,0,"Restaurants/Dining",TRUE,FALSE,"Invalid"
"1000564014717730.34","1000564014717730","100056405821677398","zabystallahasseefl","4.29",0,0,"Restaurants/Dining",TRUE,FALSE,"Invalid"
"1000564014717730.35","1000564014717730","100056405752466646","laredogrillquincyfl","8.29",0,0,"Restaurants/Dining",TRUE,FALSE,"Invalid"
"1000564014717730.36","1000564014717730","100056405770917821","chickfilatallahasseefl","2.32",1.95,0,"Restaurants/Dining",TRUE,FALSE,"Invalid"
"1000564014717730.37","1000564014717730","100056405821677954","tijuanaflatsbtallahasseefl","3.72",6.88,0,"Restaurants/Dining",TRUE,FALSE,"Invalid"
"1000564014717730.38","1000564014717730","100056405869760403","valhallagrilllynnhavenfl","4",0,0,"Restaurants/Dining",TRUE,FALSE,"Invalid"
"1000564014717730.39","1000564014717730","100056405919848742","brooklynpizzatallahasseefl","0.86",0,0,"Restaurants/Dining",TRUE,FALSE,"Invalid"
"1000564014717730.40","1000564014717730","100056406109300029","tallythaisutallahasseefl","0.29",0.16,0,"Restaurants/Dining",TRUE,FALSE,"Invalid"
"1000564014717730.41","1000564014717730","100056405869760415","leoncotacoltallahasseefl","6.01",0,0,"Taxes",FALSE,FALSE,"Invalid"
"1000564014717730.42","1000564014717730","100056405954347540","vzwirelessvevzwwebpay","4.01",0,0,"Telephone Services",FALSE,FALSE,"Invalid"
"1000564014717730.43","1000564014717730","100056405758840228","usaafundstransfercr","2.47",2.89,0,"Transfers",FALSE,FALSE,"Invalid"
"1000564014717730.44","1000564014717730","100056405752467057","usaafundstransferdb","1.64",1.81,0,"Transfers",FALSE,FALSE,"Invalid"
"1000564014717730.45","1000564014717730","100056405752467061","bkofamcrdachpaybyphone","4.43",0.04,0,"Transfers",FALSE,FALSE,"Valid"
"1000564014717730.46","1000564014717730","100056405793505641","riversidetechachjm","8.86",0,0,"Transfers",FALSE,FALSE,"Invalid"
"1000564014717730.47","1000564014717730","100056405770917827","blounstowtallahasseefl","1.2",0.98,0,"Travel",TRUE,FALSE,"Invalid"
"1000564014717730.48","1000564014717730","100056405777059533","winndiiwtharptallahasseefl","10.86",0,0,"Travel",TRUE,FALSE,"Invalid"
"1000564014717730.49","1000564014717730","100056405788689455","sqthemannstallahasseefl","5.14",0,0,"Travel",TRUE,FALSE,"Invalid"
"1000564014717730.50","1000564014717730","100056406082301018","momosnoinctallahasseefl","2.14",0,0,"Travel",TRUE,FALSE,"Invalid"
"1000564014717730.51","1000564014717730","100056405752466639","dollargehwyfortbradenfl","2.62",2.9,0,"Uncategorized",FALSE,FALSE,"Invalid"
"1000564014717730.52","1000564014717730","100056405788689497","whippoorwillspquincyfl","2.67",2.32,0,"Uncategorized",FALSE,FALSE,"Invalid"
"1000564014717730.53","1000564014717730","100056405788689487","crowscornerhosfordfl","5",9.16,0,"Uncategorized",FALSE,FALSE,"Invalid"
"1000564014717730.54","1000564014717730","100056405836415744","atlantafedcenatlantaga","0.29",0,0,"Uncategorized",FALSE,FALSE,"Invalid"
"1000564014717730.55","1000564014717730","100056405859583228","riostationriograndenj","0",0,0,"Uncategorized",FALSE,FALSE,"Invalid"
"1000564014717730.56","1000564014717730","100056405948797582","swljca","6.01",0,0,"Uncategorized",FALSE,FALSE,"Invalid"
"1000564014717730.57","1000564014717730","100056405990450527","darecountyabcnagsheadnc","0.43",0,0,"Uncategorized",FALSE,FALSE,"Invalid"
"1000616411507718.1","1000616411507718","100061644178887586","debitpinpurchaseoreillyautopartsvallejoca","0",0,0,"Automotive Expenses",FALSE,FALSE,"Invalid"
"1000616411507718.2","1000616411507718","100061644037991226","achelectronicdebitcomcastcomcast","4.29",1.03,0,"Cable/Satellite Services",FALSE,FALSE,"Invalid"
"1000616411507718.3","1000616411507718","100061643954768375","check","0.57",0.17,0,"Checks",FALSE,FALSE,"Invalid"
"1000616411507718.4","1000616411507718","100061643968619713","achelectronicdebitkohlsdeptstrschgpymt","4.36",0.09,0,"Clothing/Shoes",TRUE,FALSE,"Invalid"
"1000616411507718.5","1000616411507718","100061643968619701","achelectroniccreditsquareincn","0.35",0.05,0,"Credit Card Payments",FALSE,FALSE,"Invalid"
"1000616411507718.6","1000616411507718","100061643968619721","achelectronicdebitciticardonlinepayment","1.3",2.1,0,"Credit Card Payments",FALSE,FALSE,"Invalid"
"1000616411507718.7","1000616411507718","100061644136639854","achelectronicdebitchaseepay","1.15",0,0,"Credit Card Payments",FALSE,FALSE,"Invalid"
"1000616411507718.8","1000616411507718","100061643954768366","deposit","0.17",0.13,0,"Deposits",FALSE,FALSE,"Valid"
"1000616411507718.9","1000616411507718","100061643964012816","payroll","2.02",0,0,"Deposits",FALSE,FALSE,"Invalid"
"1000616411507718.10","1000616411507718","100061643954768369","achelectronicdebitbestbuypayment","4.14",1.87,0,"Electronics",TRUE,FALSE,"Invalid"
"1000616411507718.11","1000616411507718","100061643960630133","debitcardpurchaseaplitunescombillca","0.99",0.34,0,"Entertainment",TRUE,FALSE,"Invalid"
"1000616411507718.12","1000616411507718","100061643983124022","debitcardpurchasechevronvallejoca","1.81",2.25,0,"Gasoline/Fuel",TRUE,FALSE,"Invalid"
"1000616411507718.13","1000616411507718","100061644118776358","debitpinpurchasearcopaypointtracyca","5.01",0,0,"Gasoline/Fuel",TRUE,FALSE,"Invalid"
"1000616411507718.14","1000616411507718","100061644118776350","debitpinpurchaseshellservicestationmercedca","0",0,0,"Gasoline/Fuel",TRUE,FALSE,"Invalid"
"1000616411507718.15","1000616411507718","100061643974891046","debitpinpurchasewalmartsupercentervallejoca","1.07",0.89,0,"General Merchandise",TRUE,FALSE,"Invalid"
"1000616411507718.16","1000616411507718","100061644063137616","debitpinpurchasewmsupercenterwalmavallejoca","4.29",0,0,"General Merchandise",TRUE,FALSE,"Invalid"
"1000616411507718.17","1000616411507718","100061644028580464","debitpinpurchasecsinapaca","3.86",0,0,"General Merchandise",TRUE,FALSE,"Invalid"
"1000616411507718.18","1000616411507718","100061644073876630","debitpinpurchasecentralpurchasingllcvallejoca","5.01",0,0,"General Merchandise",TRUE,FALSE,"Invalid"
"1000616411507718.19","1000616411507718","100061643986012813","debitpinpurchasewalmartvallejoca","2.79",16.44,0,"General Merchandise",TRUE,FALSE,"Invalid"
"1000616411507718.20","1000616411507718","100061643996627387","debitpinpurchasesafewaystorevallejoca","2",0,0,"Groceries",TRUE,FALSE,"Invalid"
"1000616411507718.21","1000616411507718","100061643996627393","debitpinpurchasebritonsminimartvallevallejoca","2.5",5.4,0,"Groceries",TRUE,FALSE,"Invalid"
"1000616411507718.22","1000616411507718","100061643986012809","debitcardpurchasesqvapethegrapenapaca","3.24",0.36,0,"Groceries",TRUE,FALSE,"Invalid"
"1000616411507718.23","1000616411507718","100061644113706514","debitcardpurchasecarlsjrca","1.15",1.48,0,"Groceries",TRUE,FALSE,"Invalid"
"1000616411507718.24","1000616411507718","100061644182508921","debitpinpurchasetraderjoesnapaca","1.71",0,0,"Groceries",TRUE,FALSE,"Invalid"
"1000616411507718.25","1000616411507718","100061643974891751","debitpinpurchasemichaelsstoresincvallejoca","3",9,0,"Hobbies",TRUE,FALSE,"Invalid"
"1000616411507718.26","1000616411507718","100061643979988972","debitpinpurchaseranchmarketnapaca","1.83",6.08,0,"Hobbies",TRUE,FALSE,"Invalid"
"1000616411507718.27","1000616411507718","100061644149432914","debitcardpurchaseranchmarketnapaca","0",0,0,"Hobbies",TRUE,FALSE,"Invalid"
"1000616411507718.28","1000616411507718","100061643968619724","debitpinpurchasethehomedepotvallejoca","2.33",13.52,0,"Home Improvement",TRUE,FALSE,"Invalid"
"1000616411507718.29","1000616411507718","100061643979988975","debitpinpurchasehancockfabricsvallejoca","4.93",1.71,0,"Home Improvement",TRUE,FALSE,"Invalid"
"1000616411507718.30","1000616411507718","100061643964012833","debitpinpurchaseorchardsupplynapaca","2.86",3.93,0,"Home Improvement",TRUE,FALSE,"Invalid"
"1000616411507718.31","1000616411507718","100061644001451153","achelectronicdebitallstateinscoinsprem","1.23",1.8,0,"Insurance",FALSE,FALSE,"Invalid"
"1000616411507718.32","1000616411507718","100061644014476636","interestfordays","0",0,0,"0",FALSE,FALSE,"Invalid"
"1000616411507718.33","1000616411507718","100061643968619719","achelectronicdebitpaypalcreditconsdrs","1.95",1.65,0,"Other Expenses",TRUE,FALSE,"Invalid"
"1000616411507718.34","1000616411507718","100061643996627384","debitcardpurchasecosmoprofnapaca","1.52",1.17,0,"Personal Care",TRUE,FALSE,"Invalid"
"1000616411507718.35","1000616411507718","100061643983124019","debitpinpurchasenapavalleypetnapaca","8.72",0,0,"Pets/Pet Care",TRUE,FALSE,"Invalid"
"1000616411507718.36","1000616411507718","100061643989590794","debitcardpurchaseburgerkingqnapaca","1.45",0.82,0,"Restaurants/Dining",TRUE,FALSE,"Invalid"
"1000616411507718.37","1000616411507718","100061643979988968","debitcardpurchasemcdonaldsfnapaca","6.29",0,0,"Restaurants/Dining",TRUE,FALSE,"Invalid"
"1000616411507718.38","1000616411507718","100061643979988966","debitcardpurchasestarbucksnapanapaca","0.29",0,0,"Restaurants/Dining",TRUE,FALSE,"Invalid"
"1000616411507718.39","1000616411507718","100061644005050982","debitcardpurchasemcdonaldsfvallejoca","4.07",0.09,0,"Restaurants/Dining",TRUE,FALSE,"Invalid"
"1000616411507718.40","1000616411507718","100061644067569830","debitcardpurchasekfcnapaca","0.89",0.39,0,"Restaurants/Dining",TRUE,FALSE,"Invalid"
"1000616411507718.41","1000616411507718","100061643986012807","debitcardpurchasetacobellvallejoca","2.79",9.81,0,"Restaurants/Dining",TRUE,FALSE,"Invalid"
"1000616411507718.42","1000616411507718","100061643974891034","debitpinpurchaseroadrunnerpetrvallejoca","2.5",4.63,0,"Restaurants/Dining",TRUE,FALSE,"Invalid"
"1000616411507718.43","1000616411507718","100061643996627382","debitpinpurchasemikesautoservicenapaca","1.14",0,0,"Restaurants/Dining",TRUE,FALSE,"Invalid"
"1000616411507718.44","1000616411507718","100061644012067809","debitcardpurchasejackintheboqpsvallejoca","1.18",1.19,0,"Restaurants/Dining",TRUE,FALSE,"Invalid"
"1000616411507718.45","1000616411507718","100061644056258636","debitpinpurchaseelevennapaca","1.57",0,0,"Restaurants/Dining",TRUE,FALSE,"Invalid"
"1000616411507718.46","1000616411507718","100061643996627379","achelectronicdebitirsusatapymt","4.5",0.26,0,"Taxes",FALSE,FALSE,"Invalid"
"1000616411507718.47","1000616411507718","100061644017540893","achelectronicdebitfranchisetabopayments","4.29",0.04,0,"Taxes",FALSE,FALSE,"Valid"
"1000616411507718.48","1000616411507718","100061643986012804","achelectronicdebitcapitalonephonepymt","1.94",0.35,0,"Telephone Services",FALSE,FALSE,"Invalid"
"1000616411507718.49","1000616411507718","100061643954768360","transferfromsavingsonlinereference","1",2,0,"Transfers",FALSE,FALSE,"Invalid"
"1000616411507718.50","1000616411507718","100061643952567277","transfertocheckingonlinereference","1",2,0,"Transfers",FALSE,FALSE,"Invalid"
"1000616411507718.51","1000616411507718","100061643962342806","transferfromcheckingonlinereference","9.86",0,0,"Transfers",FALSE,FALSE,"Invalid"
"1000616411507718.52","1000616411507718","100061643964012824","transfertosavingsonlinereference","9.86",0,0,"Transfers",FALSE,FALSE,"Invalid"
"1000616411507718.53","1000616411507718","100061643968619710","achelectronicdebitdiscoverphonepay","4.43",0.37,0,"Transfers",FALSE,FALSE,"Invalid"
"1000616411507718.54","1000616411507718","100061643979988961","achelectronicdebitpaymentforamzstorecard","2",2.89,0,"Transfers",FALSE,FALSE,"Invalid"
"1000616411507718.55","1000616411507718","100061643989590790","achelectronicdebitredwoodcurcufer","0",0,0,"Transfers",FALSE,FALSE,"Invalid"
"1000616411507718.56","1000616411507718","100061644001451149","achelectronicdebitsynchronybankccpymt","1.18",1.88,0,"Transfers",FALSE,FALSE,"Invalid"
"1000616411507718.57","1000616411507718","100061644032252394","achelectronicdebittionetworksusaepay","4.22",0.51,0,"Transfers",FALSE,FALSE,"Invalid"
